Modified,Initial,Delta
7.5912085,5.6578984,1.93331
7.003349,6.8718805,0.1314683
