Modified,Initial,Delta
7.363777777777777,6.851767777777777,0.5120100000000001
