,ATSC4c,ATSC2v,SCH-7,ASP-7,hmin,ETA_BetaP_s,IC1,IC2,SIC2,BIC2,ZMIC1,ZMIC2,MDEO-11,nHeteroRing,n6HeteroRing,nT6HeteroRing,LipinskiFailures
0,-0.5646210801266484,-0.5532087872592365,-3.009812925812459,-9.307929797876879,-0.16073403457424382,-0.5011268639854735,-0.3028050132317053,0.518796970509809,-0.530345568623451,-0.24563780402232124,0.23751503149896666,0.17440013040054192,-0.38294898803151606,0.8331263165705481,0.11200507738234039,0.10959372624353225,1.0458394744606487
1,0.7796068005421622,0.33694514875818493,-3.009812925812459,-9.307929797876879,-1.043050585511446,1.1186848287364568,0.3712056627821083,1.3026642729329498,0.4752851650369422,0.6724752734090512,-0.13289989166760705,-0.6340193919577537,0.4915993921446827,1.7444360352340886,0.11200507738234039,1.0738077600207632,-0.4901847938082013
2,0.4826994051855232,0.28152471060041245,-1.4156526891047776,-9.307929797876879,0.6455060005376481,1.4842563651922185,-0.2829306081910928,-1.132735839476922,-0.8647321287726089,-0.6784756127238055,0.45742789513481724,1.4576243481246458,-0.38294898803151606,0.8331263165705481,2.036599364797202,2.0380217937979936,-0.4901847938082013
